{
  "buildInfo": {
    "rustc": {
      "version": "1.83.0-nightly",
      "commitHash": "fb4aebddd18d258046ddb51fd41589295259a0fa",
      "commitDate": "2024-09-30",
      "channel": "Nightly",
      "short": "rustc 1.83.0-nightly (fb4aebddd 2024-09-30)"
    },
    "contractCrate": {
      "name": "crowdfunding-sc",
      "version": "0.0.0"
    },
    "framework": {
      "name": "multiversx-sc",
      "version": "0.53.2"
    }
  },
  "docs": [
    "An empty contract. To be used as a template when starting a new contract from scratch."
  ],
  "name": "CrowdfundingSc",
  "constructor": {
    "inputs": [
      {
        "name": "target",
        "type": "BigUint"
      },
      {
        "name": "deadline",
        "type": "u64"
      }
    ],
    "outputs": []
  },
  "upgradeConstructor": {
    "inputs": [],
    "outputs": []
  },
  "endpoints": [
    {
      "name": "fund",
      "mutability": "mutable",
      "payableInTokens": ["EGLD"],
      "inputs": [],
      "outputs": []
    },
    {
      "name": "claim",
      "mutability": "mutable",
      "inputs": [],
      "outputs": []
    },
    {
      "name": "status",
      "mutability": "readonly",
      "inputs": [],
      "outputs": [
        {
          "type": "Status"
        }
      ]
    },
    {
      "name": "getCurrentFunds",
      "mutability": "readonly",
      "inputs": [],
      "outputs": [
        {
          "type": "BigUint"
        }
      ]
    },
    {
      "name": "getTarget",
      "mutability": "readonly",
      "inputs": [],
      "outputs": [
        {
          "type": "BigUint"
        }
      ]
    },
    {
      "name": "getDeadline",
      "mutability": "readonly",
      "inputs": [],
      "outputs": [
        {
          "type": "u64"
        }
      ]
    },
    {
      "name": "getDeposit",
      "mutability": "readonly",
      "inputs": [
        {
          "name": "donor",
          "type": "Address"
        }
      ],
      "outputs": [
        {
          "type": "BigUint"
        }
      ]
    }
  ],
  "esdtAttributes": [],
  "hasCallback": false,
  "types": {
    "Status": {
      "type": "enum",
      "variants": [
        {
          "name": "FundingPeriod",
          "discriminant": 0
        },
        {
          "name": "Successful",
          "discriminant": 1
        },
        {
          "name": "Failed",
          "discriminant": 2
        }
      ]
    }
  }
}
